,urls
0,https://investidor10.com.br/fiis/aazq11/
1,https://investidor10.com.br/fiis/abcp11/
2,https://investidor10.com.br/fiis/afhi11/
3,https://investidor10.com.br/fiis/afof11/
4,https://investidor10.com.br/fiis/agrx11/
5,https://investidor10.com.br/fiis/aiec11/
6,https://investidor10.com.br/fiis/ajfi11/
7,https://investidor10.com.br/fiis/almi11/
8,https://investidor10.com.br/fiis/alzm11/
9,https://investidor10.com.br/fiis/alzr11/
10,https://investidor10.com.br/fiis/alzr11/
11,https://investidor10.com.br/fiis/apto11/
12,https://investidor10.com.br/fiis/apxm11/
13,https://investidor10.com.br/fiis/arfi11b/
14,https://investidor10.com.br/fiis/aroa11/
15,https://investidor10.com.br/fiis/arri11/
16,https://investidor10.com.br/fiis/arxd11/
17,https://investidor10.com.br/fiis/asrf11/
18,https://investidor10.com.br/fiis/atsa11/
19,https://investidor10.com.br/fiis/atwn11/
20,https://investidor10.com.br/fiis/azin11/
21,https://investidor10.com.br/fiis/bari11/
22,https://investidor10.com.br/fiis/bbfi11/
23,https://investidor10.com.br/fiis/bbfo11/
24,https://investidor10.com.br/fiis/bbgo11/
25,https://investidor10.com.br/fiis/bbig11/
26,https://investidor10.com.br/fiis/bbrc11/
27,https://investidor10.com.br/fiis/bcff11/
28,https://investidor10.com.br/fiis/bcff11/
29,https://investidor10.com.br/fiis/bcia11/
30,https://investidor10.com.br/fiis/bcri11/
31,https://investidor10.com.br/fiis/bdif11/
32,https://investidor10.com.br/fiis/bdiv11/
33,https://investidor10.com.br/fiis/bice11/
34,https://investidor10.com.br/fiis/bicr11/
35,https://investidor10.com.br/fiis/bidb11/
36,https://investidor10.com.br/fiis/bime11/
37,https://investidor10.com.br/fiis/bipd11/
38,https://investidor10.com.br/fiis/blca11/
39,https://investidor10.com.br/fiis/blcp11/
40,https://investidor10.com.br/fiis/blmg11/
41,https://investidor10.com.br/fiis/blur11/
42,https://investidor10.com.br/fiis/bmlc11/
43,https://investidor10.com.br/fiis/bnfs11/
44,https://investidor10.com.br/fiis/bodb11/
45,https://investidor10.com.br/fiis/bpff11/
46,https://investidor10.com.br/fiis/bplc11/
47,https://investidor10.com.br/fiis/bpml11/
48,https://investidor10.com.br/fiis/bprp11/
49,https://investidor10.com.br/fiis/brco11/
50,https://investidor10.com.br/fiis/brco11/
51,https://investidor10.com.br/fiis/brcr11/
52,https://investidor10.com.br/fiis/brev11/
53,https://investidor10.com.br/fiis/brft11/
54,https://investidor10.com.br/fiis/brht11b/
55,https://investidor10.com.br/fiis/brim11/
56,https://investidor10.com.br/fiis/brip11/
57,https://investidor10.com.br/fiis/brix11/
58,https://investidor10.com.br/fiis/brla11/
59,https://investidor10.com.br/fiis/brof11/
60,https://investidor10.com.br/fiis/brzp11/
61,https://investidor10.com.br/fiis/btag11/
62,https://investidor10.com.br/fiis/btal11/
63,https://investidor10.com.br/fiis/btcr11/
64,https://investidor10.com.br/fiis/bthi11/
65,https://investidor10.com.br/fiis/btlg11/
66,https://investidor10.com.br/fiis/btlg11/
67,https://investidor10.com.br/fiis/btml11/
68,https://investidor10.com.br/fiis/btra11/
69,https://investidor10.com.br/fiis/btsg11/
70,https://investidor10.com.br/fiis/btsi11/
71,https://investidor10.com.br/fiis/btwr11/
72,https://investidor10.com.br/fiis/btyu11/
73,https://investidor10.com.br/fiis/bzel11/
74,https://investidor10.com.br/fiis/bzli11/
75,https://investidor10.com.br/fiis/cacr11/
76,https://investidor10.com.br/fiis/care11/
77,https://investidor10.com.br/fiis/cbop11/
78,https://investidor10.com.br/fiis/ccme11/
79,https://investidor10.com.br/fiis/ccrf11/
80,https://investidor10.com.br/fiis/cdii11/
81,https://investidor10.com.br/fiis/ceoc11/
82,https://investidor10.com.br/fiis/cfhi11/
83,https://investidor10.com.br/fiis/cfii11/
84,https://investidor10.com.br/fiis/cjct11/
85,https://investidor10.com.br/fiis/cjfi11/
86,https://investidor10.com.br/fiis/clin11/
87,https://investidor10.com.br/fiis/cnes11/
88,https://investidor10.com.br/fiis/copp11/
89,https://investidor10.com.br/fiis/corm11/
90,https://investidor10.com.br/fiis/cpff11/
91,https://investidor10.com.br/fiis/cplg11/
92,https://investidor10.com.br/fiis/cpof11/
93,https://investidor10.com.br/fiis/cpsh11/
94,https://investidor10.com.br/fiis/cpti11/
95,https://investidor10.com.br/fiis/cptr11/
96,https://investidor10.com.br/fiis/cpts11/
97,https://investidor10.com.br/fiis/cpts11/
98,https://investidor10.com.br/fiis/craa11/
99,https://investidor10.com.br/fiis/crff11/
100,https://investidor10.com.br/fiis/ctxt11/
101,https://investidor10.com.br/fiis/cvbi11/
102,https://investidor10.com.br/fiis/cvpr11/
103,https://investidor10.com.br/fiis/cxag11/
104,https://investidor10.com.br/fiis/cxce11/
105,https://investidor10.com.br/fiis/cxce11b/
106,https://investidor10.com.br/fiis/cxci11/
107,https://investidor10.com.br/fiis/cxco11/
108,https://investidor10.com.br/fiis/cxri11/
109,https://investidor10.com.br/fiis/cxtl11/
110,https://investidor10.com.br/fiis/cycr11/
111,https://investidor10.com.br/fiis/cyld11/
112,https://investidor10.com.br/fiis/dama11/
113,https://investidor10.com.br/fiis/damt11b/
114,https://investidor10.com.br/fiis/dcra11/
115,https://investidor10.com.br/fiis/deva11/
116,https://investidor10.com.br/fiis/deva11/
117,https://investidor10.com.br/fiis/dlmt11/
118,https://investidor10.com.br/fiis/dmac11/
119,https://investidor10.com.br/fiis/domc11/
120,https://investidor10.com.br/fiis/dovl11b/
121,https://investidor10.com.br/fiis/dpro11/
122,https://investidor10.com.br/fiis/drit11b/
123,https://investidor10.com.br/fiis/dvff11/
124,https://investidor10.com.br/fiis/edfo11/
125,https://investidor10.com.br/fiis/edfo11b/
126,https://investidor10.com.br/fiis/edga11/
127,https://investidor10.com.br/fiis/egaf11/
128,https://investidor10.com.br/fiis/egyr11/
129,https://investidor10.com.br/fiis/eldo11b/
130,https://investidor10.com.br/fiis/endd11/
131,https://investidor10.com.br/fiis/eqin11/
132,https://investidor10.com.br/fiis/eqir11/
133,https://investidor10.com.br/fiis/ercr11/
134,https://investidor10.com.br/fiis/erpa11/
135,https://investidor10.com.br/fiis/estq11/
136,https://investidor10.com.br/fiis/esuu11/
137,https://investidor10.com.br/fiis/euro11/
138,https://investidor10.com.br/fiis/evbi11/
139,https://investidor10.com.br/fiis/exes11/
140,https://investidor10.com.br/fiis/faed11/
141,https://investidor10.com.br/fiis/famb11b/
142,https://investidor10.com.br/fiis/fatn11/
143,https://investidor10.com.br/fiis/fcas11/
144,https://investidor10.com.br/fiis/fcfl11/
145,https://investidor10.com.br/fiis/fgaa11/
146,https://investidor10.com.br/fiis/figs11/
147,https://investidor10.com.br/fiis/fiib11/
148,https://investidor10.com.br/fiis/fiip11b/
149,https://investidor10.com.br/fiis/finf11/
150,https://investidor10.com.br/fiis/fisc11/
151,https://investidor10.com.br/fiis/fisd11/
152,https://investidor10.com.br/fiis/fivn11/
153,https://investidor10.com.br/fiis/flcr11/
154,https://investidor10.com.br/fiis/flma11/
155,https://investidor10.com.br/fiis/flrp11/
156,https://investidor10.com.br/fiis/fmof11/
157,https://investidor10.com.br/fiis/fpab11/
158,https://investidor10.com.br/fiis/fpng11/
159,https://investidor10.com.br/fiis/ftce11b/
160,https://investidor10.com.br/fiis/fvbi11/
161,https://investidor10.com.br/fiis/fvpq11/
162,https://investidor10.com.br/fiis/fzda11/
163,https://investidor10.com.br/fiis/game11/
164,https://investidor10.com.br/fiis/gare11/
165,https://investidor10.com.br/fiis/gare11/
166,https://investidor10.com.br/fiis/gcff11/
167,https://investidor10.com.br/fiis/gcoi11/
168,https://investidor10.com.br/fiis/gcra11/
169,https://investidor10.com.br/fiis/gcri11/
170,https://investidor10.com.br/fiis/gese11b/
171,https://investidor10.com.br/fiis/ggrc11/
172,https://investidor10.com.br/fiis/ggrc11/
173,https://investidor10.com.br/fiis/glog11/
174,https://investidor10.com.br/fiis/grwa11/
175,https://investidor10.com.br/fiis/gsfi11/
176,https://investidor10.com.br/fiis/gtlg11/
177,https://investidor10.com.br/fiis/gtwr11/
178,https://investidor10.com.br/fiis/gwir11/
179,https://investidor10.com.br/fiis/gzit11/
180,https://investidor10.com.br/fiis/haaa11/
181,https://investidor10.com.br/fiis/habt11/
182,https://investidor10.com.br/fiis/hbcr11/
183,https://investidor10.com.br/fiis/hbrh11/
184,https://investidor10.com.br/fiis/hbtt11/
185,https://investidor10.com.br/fiis/hchg11/
186,https://investidor10.com.br/fiis/hcri11/
187,https://investidor10.com.br/fiis/hcst11/
188,https://investidor10.com.br/fiis/hctr11/
189,https://investidor10.com.br/fiis/hctr11/
190,https://investidor10.com.br/fiis/hdel11/
191,https://investidor10.com.br/fiis/hdof11/
192,https://investidor10.com.br/fiis/hfof11/
193,https://investidor10.com.br/fiis/hgag11/
194,https://investidor10.com.br/fiis/hgbl11/
195,https://investidor10.com.br/fiis/hgbs11/
196,https://investidor10.com.br/fiis/hgbs11/
197,https://investidor10.com.br/fiis/hgcr11/
198,https://investidor10.com.br/fiis/hgff11/
199,https://investidor10.com.br/fiis/hgic11/
200,https://investidor10.com.br/fiis/hgjh11/
201,https://investidor10.com.br/fiis/hglg11/
202,https://investidor10.com.br/fiis/hglg11/
203,https://investidor10.com.br/fiis/hgpo11/
204,https://investidor10.com.br/fiis/hgre11/
205,https://investidor10.com.br/fiis/hgre11/
206,https://investidor10.com.br/fiis/hgru11/
207,https://investidor10.com.br/fiis/hgru11/
208,https://investidor10.com.br/fiis/hlog11/
209,https://investidor10.com.br/fiis/hmoc11/
210,https://investidor10.com.br/fiis/hofc11/
211,https://investidor10.com.br/fiis/hosi11/
212,https://investidor10.com.br/fiis/hpdp11/
213,https://investidor10.com.br/fiis/hrdf11/
214,https://investidor10.com.br/fiis/hrec11/
215,https://investidor10.com.br/fiis/hres11/
216,https://investidor10.com.br/fiis/hsaf11/
217,https://investidor10.com.br/fiis/hslg11/
218,https://investidor10.com.br/fiis/hsml11/
219,https://investidor10.com.br/fiis/hsml11/
220,https://investidor10.com.br/fiis/hsre11/
221,https://investidor10.com.br/fiis/htmx11/
222,https://investidor10.com.br/fiis/hucg11/
223,https://investidor10.com.br/fiis/husc11/
224,https://investidor10.com.br/fiis/husi11/
225,https://investidor10.com.br/fiis/iaag11/
226,https://investidor10.com.br/fiis/iagr11/
227,https://investidor10.com.br/fiis/ibcr11/
228,https://investidor10.com.br/fiis/icri11/
229,https://investidor10.com.br/fiis/idfi11/
230,https://investidor10.com.br/fiis/ifie11/
231,https://investidor10.com.br/fiis/ifra11/
232,https://investidor10.com.br/fiis/ifri11/
233,https://investidor10.com.br/fiis/imov11/
234,https://investidor10.com.br/fiis/irdm11/
235,https://investidor10.com.br/fiis/irdm11/
236,https://investidor10.com.br/fiis/irim11/
237,https://investidor10.com.br/fiis/itip11/
238,https://investidor10.com.br/fiis/itit11/
239,https://investidor10.com.br/fiis/itri11/
240,https://investidor10.com.br/fiis/jasc11/
241,https://investidor10.com.br/fiis/jfll11/
242,https://investidor10.com.br/fiis/jgpx11/
243,https://investidor10.com.br/fiis/jppa11/
244,https://investidor10.com.br/fiis/jppc11/
245,https://investidor10.com.br/fiis/jsaf11/
246,https://investidor10.com.br/fiis/jscr11/
247,https://investidor10.com.br/fiis/jsre11/
248,https://investidor10.com.br/fiis/jtpr11/
249,https://investidor10.com.br/fiis/juro11/
250,https://investidor10.com.br/fiis/kcre11/
251,https://investidor10.com.br/fiis/kdif11/
252,https://investidor10.com.br/fiis/keve11/
253,https://investidor10.com.br/fiis/kfof11/
254,https://investidor10.com.br/fiis/kinp11/
255,https://investidor10.com.br/fiis/kisu11/
256,https://investidor10.com.br/fiis/kisu11/
257,https://investidor10.com.br/fiis/kivo11/
258,https://investidor10.com.br/fiis/knca11/
259,https://investidor10.com.br/fiis/kncr11/
260,https://investidor10.com.br/fiis/kncr11/
261,https://investidor10.com.br/fiis/knhf11/
262,https://investidor10.com.br/fiis/knhy11/
263,https://investidor10.com.br/fiis/knip11/
264,https://investidor10.com.br/fiis/knox11/
265,https://investidor10.com.br/fiis/knre11/
266,https://investidor10.com.br/fiis/knri11/
267,https://investidor10.com.br/fiis/knri11/
268,https://investidor10.com.br/fiis/knsc11/
269,https://investidor10.com.br/fiis/knsc11/
270,https://investidor10.com.br/fiis/knuq11/
271,https://investidor10.com.br/fiis/kopa11/
272,https://investidor10.com.br/fiis/kore11/
273,https://investidor10.com.br/fiis/lasc11/
274,https://investidor10.com.br/fiis/lavf11/
275,https://investidor10.com.br/fiis/lftt11/
276,https://investidor10.com.br/fiis/lgcp11/
277,https://investidor10.com.br/fiis/life11/
278,https://investidor10.com.br/fiis/lkdv11/
279,https://investidor10.com.br/fiis/llao11/
280,https://investidor10.com.br/fiis/loft11b/
281,https://investidor10.com.br/fiis/lplp11/
282,https://investidor10.com.br/fiis/lrdi11/
283,https://investidor10.com.br/fiis/lsag11/
284,https://investidor10.com.br/fiis/lspa11/
285,https://investidor10.com.br/fiis/lugg11/
286,https://investidor10.com.br/fiis/lvbi11/
287,https://investidor10.com.br/fiis/lvbi11/
288,https://investidor10.com.br/fiis/mall11/
289,https://investidor10.com.br/fiis/mall11/
290,https://investidor10.com.br/fiis/mana11/
291,https://investidor10.com.br/fiis/matv11/
292,https://investidor10.com.br/fiis/maxr11/
293,https://investidor10.com.br/fiis/mcci11/
294,https://investidor10.com.br/fiis/mcem11/
295,https://investidor10.com.br/fiis/mcff11/
296,https://investidor10.com.br/fiis/mchy11/
297,https://investidor10.com.br/fiis/mfai11/
298,https://investidor10.com.br/fiis/mfcr11/
299,https://investidor10.com.br/fiis/mfii11/
300,https://investidor10.com.br/fiis/mgcr11/
301,https://investidor10.com.br/fiis/mght11/
302,https://investidor10.com.br/fiis/mint11/
303,https://investidor10.com.br/fiis/mmpd11/
304,https://investidor10.com.br/fiis/mmve11/
305,https://investidor10.com.br/fiis/moff11/
306,https://investidor10.com.br/fiis/mtof11/
307,https://investidor10.com.br/fiis/mvfi11/
308,https://investidor10.com.br/fiis/mxrf11/
309,https://investidor10.com.br/fiis/mxrf11/
310,https://investidor10.com.br/fiis/navt11/
311,https://investidor10.com.br/fiis/nchb11/
312,https://investidor10.com.br/fiis/ncra11/
313,https://investidor10.com.br/fiis/ncri11/
314,https://investidor10.com.br/fiis/newl11/
315,https://investidor10.com.br/fiis/newu11/
316,https://investidor10.com.br/fiis/nexg11/
317,https://investidor10.com.br/fiis/npar11/
318,https://investidor10.com.br/fiis/nslu11/
319,https://investidor10.com.br/fiis/nuif11/
320,https://investidor10.com.br/fiis/nvho11/
321,https://investidor10.com.br/fiis/nvif11b/
322,https://investidor10.com.br/fiis/ocre11/
323,https://investidor10.com.br/fiis/oghy11/
324,https://investidor10.com.br/fiis/ogin11/
325,https://investidor10.com.br/fiis/oiag11/
326,https://investidor10.com.br/fiis/ondv11/
327,https://investidor10.com.br/fiis/orpd11/
328,https://investidor10.com.br/fiis/oucy11/
329,https://investidor10.com.br/fiis/ouff11/
330,https://investidor10.com.br/fiis/oujp11/
331,https://investidor10.com.br/fiis/oulg11/
332,https://investidor10.com.br/fiis/oure11/
333,https://investidor10.com.br/fiis/paby11/
334,https://investidor10.com.br/fiis/patb11/
335,https://investidor10.com.br/fiis/patc11/
336,https://investidor10.com.br/fiis/patl11/
337,https://investidor10.com.br/fiis/pblv11/
338,https://investidor10.com.br/fiis/pema11/
339,https://investidor10.com.br/fiis/pfin11/
340,https://investidor10.com.br/fiis/pice11/
341,https://investidor10.com.br/fiis/plca11/
342,https://investidor10.com.br/fiis/plcr11/
343,https://investidor10.com.br/fiis/plri11/
344,https://investidor10.com.br/fiis/pmis11/
345,https://investidor10.com.br/fiis/pncr11/
346,https://investidor10.com.br/fiis/pndl11/
347,https://investidor10.com.br/fiis/pnln11/
348,https://investidor10.com.br/fiis/pnpr11/
349,https://investidor10.com.br/fiis/pord11/
350,https://investidor10.com.br/fiis/ppei11/
351,https://investidor10.com.br/fiis/pqag11/
352,https://investidor10.com.br/fiis/pqdp11/
353,https://investidor10.com.br/fiis/prsv11/
354,https://investidor10.com.br/fiis/prts11/
355,https://investidor10.com.br/fiis/przs11/
356,https://investidor10.com.br/fiis/pulv11/
357,https://investidor10.com.br/fiis/purb11/
358,https://investidor10.com.br/fiis/pvbi11/
359,https://investidor10.com.br/fiis/pvbi11/
360,https://investidor10.com.br/fiis/qagr11/
361,https://investidor10.com.br/fiis/qami11/
362,https://investidor10.com.br/fiis/qiff11/
363,https://investidor10.com.br/fiis/qmff11/
364,https://investidor10.com.br/fiis/rbbv11/
365,https://investidor10.com.br/fiis/rbcb11/
366,https://investidor10.com.br/fiis/rbds11/
367,https://investidor10.com.br/fiis/rbed11/
368,https://investidor10.com.br/fiis/rbff11/
369,https://investidor10.com.br/fiis/rbgs11/
370,https://investidor10.com.br/fiis/rbhg11/
371,https://investidor10.com.br/fiis/rbhy11/
372,https://investidor10.com.br/fiis/rbif11/
373,https://investidor10.com.br/fiis/rbir11/
374,https://investidor10.com.br/fiis/rblg11/
375,https://investidor10.com.br/fiis/rbop11/
376,https://investidor10.com.br/fiis/rbrd11/
377,https://investidor10.com.br/fiis/rbrf11/
378,https://investidor10.com.br/fiis/rbri11/
379,https://investidor10.com.br/fiis/rbrl11/
380,https://investidor10.com.br/fiis/rbrm11/
381,https://investidor10.com.br/fiis/rbrp11/
382,https://investidor10.com.br/fiis/rbrr11/
383,https://investidor10.com.br/fiis/rbrs11/
384,https://investidor10.com.br/fiis/rbrx11/
385,https://investidor10.com.br/fiis/rbry11/
386,https://investidor10.com.br/fiis/rbts11/
387,https://investidor10.com.br/fiis/rbva11/
388,https://investidor10.com.br/fiis/rbvo11/
389,https://investidor10.com.br/fiis/rcfa11/
390,https://investidor10.com.br/fiis/rcff11/
391,https://investidor10.com.br/fiis/rcrb11/
392,https://investidor10.com.br/fiis/rcri11b/
393,https://investidor10.com.br/fiis/recr11/
394,https://investidor10.com.br/fiis/rect11/
395,https://investidor10.com.br/fiis/recx11/
396,https://investidor10.com.br/fiis/reit11/
397,https://investidor10.com.br/fiis/relg11/
398,https://investidor10.com.br/fiis/rfof11/
399,https://investidor10.com.br/fiis/rinv11/
400,https://investidor10.com.br/fiis/rmai11/
401,https://investidor10.com.br/fiis/rndp11/
402,https://investidor10.com.br/fiis/rngo11/
403,https://investidor10.com.br/fiis/roof11/
404,https://investidor10.com.br/fiis/rpri11/
405,https://investidor10.com.br/fiis/rrci11/
406,https://investidor10.com.br/fiis/rspd11/
407,https://investidor10.com.br/fiis/rtel11/
408,https://investidor10.com.br/fiis/rura11/
409,https://investidor10.com.br/fiis/rvbi11/
410,https://investidor10.com.br/fiis/rzag11/
411,https://investidor10.com.br/fiis/rzag11/
412,https://investidor10.com.br/fiis/rzak11/
413,https://investidor10.com.br/fiis/rzat11/
414,https://investidor10.com.br/fiis/rzeo11/
415,https://investidor10.com.br/fiis/rztr11/
416,https://investidor10.com.br/fiis/rztr11/
417,https://investidor10.com.br/fiis/sadi11/
418,https://investidor10.com.br/fiis/sali11/
419,https://investidor10.com.br/fiis/sapi11/
420,https://investidor10.com.br/fiis/sare11/
421,https://investidor10.com.br/fiis/sbcl11/
422,https://investidor10.com.br/fiis/scpf11/
423,https://investidor10.com.br/fiis/sdil11/
424,https://investidor10.com.br/fiis/seqr11/
425,https://investidor10.com.br/fiis/sfnd11/
426,https://investidor10.com.br/fiis/sfro11/
427,https://investidor10.com.br/fiis/shdp11b/
428,https://investidor10.com.br/fiis/shph11/
429,https://investidor10.com.br/fiis/sigr11/
430,https://investidor10.com.br/fiis/sjau11/
431,https://investidor10.com.br/fiis/smre11/
432,https://investidor10.com.br/fiis/snag11/
433,https://investidor10.com.br/fiis/snci11/
434,https://investidor10.com.br/fiis/snel11/
435,https://investidor10.com.br/fiis/snff11/
436,https://investidor10.com.br/fiis/snfz11/
437,https://investidor10.com.br/fiis/snid11/
438,https://investidor10.com.br/fiis/snlg11/
439,https://investidor10.com.br/fiis/snme11/
440,https://investidor10.com.br/fiis/sptw11/
441,https://investidor10.com.br/fiis/spxs11/
442,https://investidor10.com.br/fiis/srvd11/
443,https://investidor10.com.br/fiis/strx11/
444,https://investidor10.com.br/fiis/tcpf11/
445,https://investidor10.com.br/fiis/teld11/
446,https://investidor10.com.br/fiis/tepp11/
447,https://investidor10.com.br/fiis/tgar11/
448,https://investidor10.com.br/fiis/tgar11/
449,https://investidor10.com.br/fiis/thra11/
450,https://investidor10.com.br/fiis/tjkb11/
451,https://investidor10.com.br/fiis/tmps11/
452,https://investidor10.com.br/fiis/tord11/
453,https://investidor10.com.br/fiis/tour11/
454,https://investidor10.com.br/fiis/trbl11/
455,https://investidor10.com.br/fiis/trnt11/
456,https://investidor10.com.br/fiis/trxb11/
457,https://investidor10.com.br/fiis/trxf11/
458,https://investidor10.com.br/fiis/trxf11/
459,https://investidor10.com.br/fiis/tser11/
460,https://investidor10.com.br/fiis/tvri11/
461,https://investidor10.com.br/fiis/urpr11/
462,https://investidor10.com.br/fiis/vang11/
463,https://investidor10.com.br/fiis/vcjr11/
464,https://investidor10.com.br/fiis/vcra11/
465,https://investidor10.com.br/fiis/vcri11/
466,https://investidor10.com.br/fiis/vcrr11/
467,https://investidor10.com.br/fiis/vere11/
468,https://investidor10.com.br/fiis/vghf11/
469,https://investidor10.com.br/fiis/vghf11/
470,https://investidor10.com.br/fiis/vgia11/
471,https://investidor10.com.br/fiis/vgia11/
472,https://investidor10.com.br/fiis/vgip11/
473,https://investidor10.com.br/fiis/vgir11/
474,https://investidor10.com.br/fiis/vgir11/
475,https://investidor10.com.br/fiis/vgri11/
476,https://investidor10.com.br/fiis/vica11/
477,https://investidor10.com.br/fiis/vids11/
478,https://investidor10.com.br/fiis/vifi11/
479,https://investidor10.com.br/fiis/vigt11/
480,https://investidor10.com.br/fiis/vilg11/
481,https://investidor10.com.br/fiis/vilg11/
482,https://investidor10.com.br/fiis/vino11/
483,https://investidor10.com.br/fiis/vino11/
484,https://investidor10.com.br/fiis/visc11/
485,https://investidor10.com.br/fiis/visc11/
486,https://investidor10.com.br/fiis/viur11/
487,https://investidor10.com.br/fiis/vljs11/
488,https://investidor10.com.br/fiis/vlol11/
489,https://investidor10.com.br/fiis/vots11/
490,https://investidor10.com.br/fiis/vpsi11/
491,https://investidor10.com.br/fiis/vrta11/
492,https://investidor10.com.br/fiis/vrtm11/
493,https://investidor10.com.br/fiis/vsec11/
494,https://investidor10.com.br/fiis/vsho11/
495,https://investidor10.com.br/fiis/vslh11/
496,https://investidor10.com.br/fiis/vtlt11/
497,https://investidor10.com.br/fiis/vtvi11/
498,https://investidor10.com.br/fiis/vvco11/
499,https://investidor10.com.br/fiis/vvcr11/
500,https://investidor10.com.br/fiis/vvmr11/
501,https://investidor10.com.br/fiis/vvpr11/
502,https://investidor10.com.br/fiis/vvri11/
503,https://investidor10.com.br/fiis/vxxv11/
504,https://investidor10.com.br/fiis/whgr11/
505,https://investidor10.com.br/fiis/wplz11/
506,https://investidor10.com.br/fiis/wsec11/
507,https://investidor10.com.br/fiis/wtsp11b/
508,https://investidor10.com.br/fiis/xbxo11/
509,https://investidor10.com.br/fiis/xpca11/
510,https://investidor10.com.br/fiis/xpca11/
511,https://investidor10.com.br/fiis/xpci11/
512,https://investidor10.com.br/fiis/xpcm11/
513,https://investidor10.com.br/fiis/xpht12/
514,https://investidor10.com.br/fiis/xpid11/
515,https://investidor10.com.br/fiis/xpie11/
516,https://investidor10.com.br/fiis/xpin11/
517,https://investidor10.com.br/fiis/xplg11/
518,https://investidor10.com.br/fiis/xplg11/
519,https://investidor10.com.br/fiis/xpml11/
520,https://investidor10.com.br/fiis/xpml11/
521,https://investidor10.com.br/fiis/xppr11/
522,https://investidor10.com.br/fiis/xpsf11/
523,https://investidor10.com.br/fiis/yees11/
524,https://investidor10.com.br/fiis/yufi11/
525,https://investidor10.com.br/fiis/zagh11/
526,https://investidor10.com.br/fiis/zavc11/
527,https://investidor10.com.br/fiis/zavi11/
528,https://investidor10.com.br/fiis/zifi11/
